Workbook

Sheet Backup Reservas
A1: Order# | B1: Account | C1: Name | D1: Branch | E1: SKU | F1: Quantity | G1: Type | H1: Conv PcxM3 | I1: M³ | J1: Specie | K1: Model | L1: Finish | M1: Size | N1: Lenght | O1: Subgroup | P1: Status
A2: 2509-720988 | B2: GF000041 | C2: OFF-QUALITY PRODUCTS | D2: 9007 | E2: TAYLNGVJ1614 | F2: 7 | G2: =_xlfn.XLOOKUP(E2,'Base SKUs'!E:E,'Base SKUs'!D:D) -> Thermowood | H2: =_xlfn.XLOOKUP(E2,'Base SKUs'!E:E,'Base SKUs'!S:S) -> 0.011172 | I2: =IF(OR(G2="Norx",K2="Tiles"),ROUND(F2,3),ROUND(F2*H2,3)) -> 0.078 | J2: =_xlfn.XLOOKUP(E2,'Base SKUs'!E:E,'Base SKUs'!G:G) -> Maximo Thermo Ayous | K2: =_xlfn.XLOOKUP(E2,'Base SKUs'!E:E,'Base SKUs'!H:H) -> VJoint - Nickel Gap | L2: =_xlfn.XLOOKUP(E2,'Base SKUs'!E:E,'Base SKUs'!I:I) -> - | M2: =_xlfn.XLOOKUP(E2,'Base SKUs'!E:E,'Base SKUs'!J:J) -> 1x6 | N2: =_xlfn.XLOOKUP(E2,'Base SKUs'!E:E,'Base SKUs'!K:K) -> 14 | O2: =_xlfn.XLOOKUP(E2,'Base SKUs'!E:E,'Base SKUs'!C:C) -> Long | P2: Damaged
A3: 2509-720988 | B3: GF000041 | C3: OFF-QUALITY PRODUCTS | D3: 9007 | E3: TAYLNGVJ1614 | F3: 31 | G3: =_xlfn.XLOOKUP(E3,'Base SKUs'!E:E,'Base SKUs'!D:D) -> Thermowood | H3: =_xlfn.XLOOKUP(E3,'Base SKUs'!E:E,'Base SKUs'!S:S) -> 0.011172 | I3: =IF(OR(G3="Norx",K3="Tiles"),ROUND(F3,3),ROUND(F3*H3,3)) -> 0.346 | J3: =_xlfn.XLOOKUP(E3,'Base SKUs'!E:E,'Base SKUs'!G:G) -> Maximo Thermo Ayous | K3: =_xlfn.XLOOKUP(E3,'Base SKUs'!E:E,'Base SKUs'!H:H) -> VJoint - Nickel Gap | L3: =_xlfn.XLOOKUP(E3,'Base SKUs'!E:E,'Base SKUs'!I:I) -> - | M3: =_xlfn.XLOOKUP(E3,'Base SKUs'!E:E,'Base SKUs'!J:J) -> 1x6 | N3: =_xlfn.XLOOKUP(E3,'Base SKUs'!E:E,'Base SKUs'!K:K) -> 14 | O3: =_xlfn.XLOOKUP(E3,'Base SKUs'!E:E,'Base SKUs'!C:C) -> Long | P3: Damaged
A4: 2509-724502 | B4: GF000041 | C4: OFF-QUALITY PRODUCTS | D4: 9008 | E4: IPEKD168S | F4: 56 | G4: =_xlfn.XLOOKUP(E4,'Base SKUs'!E:E,'Base SKUs'!D:D) -> Hardwoods | H4: =_xlfn.XLOOKUP(E4,'Base SKUs'!E:E,'Base SKUs'!S:S) -> 0.0064892773 | I4: =IF(OR(G4="Norx",K4="Tiles"),ROUND(F4,3),ROUND(F4*H4,3)) -> 0.363 | J4: =_xlfn.XLOOKUP(E4,'Base SKUs'!E:E,'Base SKUs'!G:G) -> Ipe | K4: =_xlfn.XLOOKUP(E4,'Base SKUs'!E:E,'Base SKUs'!H:H) -> S4S E4E | L4: =_xlfn.XLOOKUP(E4,'Base SKUs'!E:E,'Base SKUs'!I:I) -> - | M4: =_xlfn.XLOOKUP(E4,'Base SKUs'!E:E,'Base SKUs'!J:J) -> 1x6 | N4: =_xlfn.XLOOKUP(E4,'Base SKUs'!E:E,'Base SKUs'!K:K) -> 8 | O4: =_xlfn.XLOOKUP(E4,'Base SKUs'!E:E,'Base SKUs'!C:C) -> Long | P4: Damaged
A5: 2509-724589 | B5: GF000041 | C5: OFF-QUALITY PRODUCTS | D5: 9008 | E5: TAYLTG1610CL5 | F5: 18 | G5: =_xlfn.XLOOKUP(E5,'Base SKUs'!E:E,'Base SKUs'!D:D) -> Thermowood | H5: =_xlfn.XLOOKUP(E5,'Base SKUs'!E:E,'Base SKUs'!S:S) -> 0.00798 | I5: =IF(OR(G5="Norx",K5="Tiles"),ROUND(F5,3),ROUND(F5*H5,3)) -> 0.144 | J5: =_xlfn.XLOOKUP(E5,'Base SKUs'!E:E,'Base SKUs'!G:G) -> Maximo Thermo Ayous | K5: =_xlfn.XLOOKUP(E5,'Base SKUs'!E:E,'Base SKUs'!H:H) -> Fluted | L5: =_xlfn.XLOOKUP(E5,'Base SKUs'!E:E,'Base SKUs'!I:I) -> - | M5: =_xlfn.XLOOKUP(E5,'Base SKUs'!E:E,'Base SKUs'!J:J) -> 1x6 | N5: =_xlfn.XLOOKUP(E5,'Base SKUs'!E:E,'Base SKUs'!K:K) -> 10 | O5: =_xlfn.XLOOKUP(E5,'Base SKUs'!E:E,'Base SKUs'!C:C) -> Long | P5: Damaged
A6: 2509-724589 | B6: GF000041 | C6: OFF-QUALITY PRODUCTS | D6: 9008 | E6: TAYLTG1614CL5 | F6: 14 | G6: =_xlfn.XLOOKUP(E6,'Base SKUs'!E:E,'Base SKUs'!D:D) -> Thermowood | H6: =_xlfn.XLOOKUP(E6,'Base SKUs'!E:E,'Base SKUs'!S:S) -> 0.011172 | I6: =IF(OR(G6="Norx",K6="Tiles"),ROUND(F6,3),ROUND(F6*H6,3)) -> 0.156 | J6: =_xlfn.XLOOKUP(E6,'Base SKUs'!E:E,'Base SKUs'!G:G) -> Maximo Thermo Ayous | K6: =_xlfn.XLOOKUP(E6,'Base SKUs'!E:E,'Base SKUs'!H:H) -> Fluted | L6: =_xlfn.XLOOKUP(E6,'Base SKUs'!E:E,'Base SKUs'!I:I) -> - | M6: =_xlfn.XLOOKUP(E6,'Base SKUs'!E:E,'Base SKUs'!J:J) -> 1x6 | N6: =_xlfn.XLOOKUP(E6,'Base SKUs'!E:E,'Base SKUs'!K:K) -> 14 | O6: =_xlfn.XLOOKUP(E6,'Base SKUs'!E:E,'Base SKUs'!C:C) -> Long | P6: Damaged
A7: 2509-724589 | B7: GF000041 | C7: OFF-QUALITY PRODUCTS | D7: 9008 | E7: TAYLTG1615CL5 | F7: 5 | G7: =_xlfn.XLOOKUP(E7,'Base SKUs'!E:E,'Base SKUs'!D:D) -> Thermowood | H7: =_xlfn.XLOOKUP(E7,'Base SKUs'!E:E,'Base SKUs'!S:S) -> 0.01197 | I7: =IF(OR(G7="Norx",K7="Tiles"),ROUND(F7,3),ROUND(F7*H7,3)) -> 0.06 | J7: =_xlfn.XLOOKUP(E7,'Base SKUs'!E:E,'Base SKUs'!G:G) -> Maximo Thermo Ayous | K7: =_xlfn.XLOOKUP(E7,'Base SKUs'!E:E,'Base SKUs'!H:H) -> Fluted | L7: =_xlfn.XLOOKUP(E7,'Base SKUs'!E:E,'Base SKUs'!I:I) -> - | M7: =_xlfn.XLOOKUP(E7,'Base SKUs'!E:E,'Base SKUs'!J:J) -> 1x6 | N7: =_xlfn.XLOOKUP(E7,'Base SKUs'!E:E,'Base SKUs'!K:K) -> 15 | O7: =_xlfn.XLOOKUP(E7,'Base SKUs'!E:E,'Base SKUs'!C:C) -> Long | P7: Damaged
A8: 2509-724589 | B8: GF000041 | C8: OFF-QUALITY PRODUCTS | D8: 9008 | E8: TAYLTG168CL5 | F8: 245 | G8: =_xlfn.XLOOKUP(E8,'Base SKUs'!E:E,'Base SKUs'!D:D) -> Thermowood | H8: =_xlfn.XLOOKUP(E8,'Base SKUs'!E:E,'Base SKUs'!S:S) -> 0.006384 | I8: =IF(OR(G8="Norx",K8="Tiles"),ROUND(F8,3),ROUND(F8*H8,3)) -> 1.564 | J8: =_xlfn.XLOOKUP(E8,'Base SKUs'!E:E,'Base SKUs'!G:G) -> Maximo Thermo Ayous | K8: =_xlfn.XLOOKUP(E8,'Base SKUs'!E:E,'Base SKUs'!H:H) -> Fluted | L8: =_xlfn.XLOOKUP(E8,'Base SKUs'!E:E,'Base SKUs'!I:I) -> - | M8: =_xlfn.XLOOKUP(E8,'Base SKUs'!E:E,'Base SKUs'!J:J) -> 1x6 | N8: =_xlfn.XLOOKUP(E8,'Base SKUs'!E:E,'Base SKUs'!K:K) -> 8 | O8: =_xlfn.XLOOKUP(E8,'Base SKUs'!E:E,'Base SKUs'!C:C) -> Long | P8: Damaged
A9: 2509-724589 | B9: GF000041 | C9: OFF-QUALITY PRODUCTS | D9: 9008 | E9: TAYLTG169CL5 | F9: 28 | G9: =_xlfn.XLOOKUP(E9,'Base SKUs'!E:E,'Base SKUs'!D:D) -> Thermowood | H9: =_xlfn.XLOOKUP(E9,'Base SKUs'!E:E,'Base SKUs'!S:S) -> 0.007182 | I9: =IF(OR(G9="Norx",K9="Tiles"),ROUND(F9,3),ROUND(F9*H9,3)) -> 0.201 | J9: =_xlfn.XLOOKUP(E9,'Base SKUs'!E:E,'Base SKUs'!G:G) -> Maximo Thermo Ayous | K9: =_xlfn.XLOOKUP(E9,'Base SKUs'!E:E,'Base SKUs'!H:H) -> Fluted | L9: =_xlfn.XLOOKUP(E9,'Base SKUs'!E:E,'Base SKUs'!I:I) -> - | M9: =_xlfn.XLOOKUP(E9,'Base SKUs'!E:E,'Base SKUs'!J:J) -> 1x6 | N9: =_xlfn.XLOOKUP(E9,'Base SKUs'!E:E,'Base SKUs'!K:K) -> 9 | O9: =_xlfn.XLOOKUP(E9,'Base SKUs'!E:E,'Base SKUs'!C:C) -> Long | P9: Damaged
A10: 2509-726274 | B10: GF000014 | C10: GLOBAL FOREST LUMBER | D10: 9007 | E10: TAYVJ146 | F10: 11 | G10: =_xlfn.XLOOKUP(E10,'Base SKUs'!E:E,'Base SKUs'!D:D) -> Thermowood | H10: =_xlfn.XLOOKUP(E10,'Base SKUs'!E:E,'Base SKUs'!S:S) -> 0.0031464 | I10: =IF(OR(G10="Norx",K10="Tiles"),ROUND(F10,3),ROUND(F10*H10,3)) -> 0.035 | J10: =_xlfn.XLOOKUP(E10,'Base SKUs'!E:E,'Base SKUs'!G:G) -> Maximo Thermo Ayous | K10: =_xlfn.XLOOKUP(E10,'Base SKUs'!E:E,'Base SKUs'!H:H) -> VJoint - Square Back | L10: =_xlfn.XLOOKUP(E10,'Base SKUs'!E:E,'Base SKUs'!I:I) -> - | M10: =_xlfn.XLOOKUP(E10,'Base SKUs'!E:E,'Base SKUs'!J:J) -> 1x4 | N10: =_xlfn.XLOOKUP(E10,'Base SKUs'!E:E,'Base SKUs'!K:K) -> 6 | O10: =_xlfn.XLOOKUP(E10,'Base SKUs'!E:E,'Base SKUs'!C:C) -> Short | P10: Samples
A11: 2510-729499 | B11: GF000041 | C11: OFF-QUALITY PRODUCTS | D11: 9008 | E11: TAYLNGVJ168 | F11: 3 | G11: =_xlfn.XLOOKUP(E11,'Base SKUs'!E:E,'Base SKUs'!D:D) -> Thermowood | H11: =_xlfn.XLOOKUP(E11,'Base SKUs'!E:E,'Base SKUs'!S:S) -> 0.006384 | I11: =IF(OR(G11="Norx",K11="Tiles"),ROUND(F11,3),ROUND(F11*H11,3)) -> 0.019 | J11: =_xlfn.XLOOKUP(E11,'Base SKUs'!E:E,'Base SKUs'!G:G) -> Maximo Thermo Ayous | K11: =_xlfn.XLOOKUP(E11,'Base SKUs'!E:E,'Base SKUs'!H:H) -> VJoint - Nickel Gap | L11: =_xlfn.XLOOKUP(E11,'Base SKUs'!E:E,'Base SKUs'!I:I) -> - | M11: =_xlfn.XLOOKUP(E11,'Base SKUs'!E:E,'Base SKUs'!J:J) -> 1x6 | N11: =_xlfn.XLOOKUP(E11,'Base SKUs'!E:E,'Base SKUs'!K:K) -> 8 | O11: =_xlfn.XLOOKUP(E11,'Base SKUs'!E:E,'Base SKUs'!C:C) -> Long | P11: Damaged
A12: 2510-729499 | B12: GF000041 | C12: OFF-QUALITY PRODUCTS | D12: 9008 | E12: TAYLNGVJ1616 | F12: 9 | G12: =_xlfn.XLOOKUP(E12,'Base SKUs'!E:E,'Base SKUs'!D:D) -> Thermowood | H12: =_xlfn.XLOOKUP(E12,'Base SKUs'!E:E,'Base SKUs'!S:S) -> 0.012768 | I12: =IF(OR(G12="Norx",K12="Tiles"),ROUND(F12,3),ROUND(F12*H12,3)) -> 0.115 | J12: =_xlfn.XLOOKUP(E12,'Base SKUs'!E:E,'Base SKUs'!G:G) -> Maximo Thermo Ayous | K12: =_xlfn.XLOOKUP(E12,'Base SKUs'!E:E,'Base SKUs'!H:H) -> VJoint - Nickel Gap | L12: =_xlfn.XLOOKUP(E12,'Base SKUs'!E:E,'Base SKUs'!I:I) -> - | M12: =_xlfn.XLOOKUP(E12,'Base SKUs'!E:E,'Base SKUs'!J:J) -> 1x6 | N12: =_xlfn.XLOOKUP(E12,'Base SKUs'!E:E,'Base SKUs'!K:K) -> 16 | O12: =_xlfn.XLOOKUP(E12,'Base SKUs'!E:E,'Base SKUs'!C:C) -> Long | P12: Damaged
A13: 2510-729499 | B13: GF000041 | C13: OFF-QUALITY PRODUCTS | D13: 9008 | E13: TAYLNGVJ1614 | F13: 7 | G13: =_xlfn.XLOOKUP(E13,'Base SKUs'!E:E,'Base SKUs'!D:D) -> Thermowood | H13: =_xlfn.XLOOKUP(E13,'Base SKUs'!E:E,'Base SKUs'!S:S) -> 0.011172 | I13: =IF(OR(G13="Norx",K13="Tiles"),ROUND(F13,3),ROUND(F13*H13,3)) -> 0.078 | J13: =_xlfn.XLOOKUP(E13,'Base SKUs'!E:E,'Base SKUs'!G:G) -> Maximo Thermo Ayous | K13: =_xlfn.XLOOKUP(E13,'Base SKUs'!E:E,'Base SKUs'!H:H) -> VJoint - Nickel Gap | L13: =_xlfn.XLOOKUP(E13,'Base SKUs'!E:E,'Base SKUs'!I:I) -> - | M13: =_xlfn.XLOOKUP(E13,'Base SKUs'!E:E,'Base SKUs'!J:J) -> 1x6 | N13: =_xlfn.XLOOKUP(E13,'Base SKUs'!E:E,'Base SKUs'!K:K) -> 14 | O13: =_xlfn.XLOOKUP(E13,'Base SKUs'!E:E,'Base SKUs'!C:C) -> Long | P13: Damaged
... A453: 2609-818846 | B453: GF000029 | C453: RUSSIN LUMBER COMPANY | D453: 9007 | E453: IPE4128S | F453: 1 | G453: =_xlfn.XLOOKUP(E453,'Base SKUs'!E:E,'Base SKUs'!D:D) -> Hardwoods | H453: =_xlfn.XLOOKUP(E453,'Base SKUs'!E:E,'Base SKUs'!S:S) -> 0.061943102 | I453: =IF(OR(G453="Norx",K453="Tiles"),ROUND(F453,3),ROUND(F453*H453,3)) -> 0.062 | J453: =_xlfn.XLOOKUP(E453,'Base SKUs'!E:E,'Base SKUs'!G:G) -> Ipe | K453: =_xlfn.XLOOKUP(E453,'Base SKUs'!E:E,'Base SKUs'!H:H) -> S4S E4E | L453: =_xlfn.XLOOKUP(E453,'Base SKUs'!E:E,'Base SKUs'!I:I) -> - | M453: =_xlfn.XLOOKUP(E453,'Base SKUs'!E:E,'Base SKUs'!J:J) -> 4x12 | N453: =_xlfn.XLOOKUP(E453,'Base SKUs'!E:E,'Base SKUs'!K:K) -> 8 | O453: =_xlfn.XLOOKUP(E453,'Base SKUs'!E:E,'Base SKUs'!C:C) -> Long | P453: Sales

Sheet Base SKUs
A1: Family | B1: Group | C1: Subgroup | D1: Type | E1: SKU | F1: Description | G1: Specie | H1: Model | I1: Finish | J1: Size | K1: Length | L1: Lenght (m) | M1: Thick (mm) | N1: Width (mm) | O1: Conv L (pol) | P1: Conv T (pol) | Q1: Conv W (pol) | R1: Conv m3xLF | S1: Conv PcxM3 | T1: Description Code
A2: Accoya | B2: Accoya 4/4x6 | C2: Long | D2: Acetylated | E2: ARPRS44610 | F2: Maximo Accoya Rough Sawn 4/4x6 | G2: Maximo Accoya | H2: Rough Sawn | I2: - | J2: 4/4x6 | K2: 10 | L2: 3.048 | M2: 25.4 | N2: 146.05 | O2: =L2/0.0254 -> 120 | P2: =M2/25.4 -> 1 | Q2: =N2/25.4 -> 5.75 | R2: =ROUND(IFERROR(1/((M2*N2*0.3048)/1000000),0),3) -> 884.402 | S2: =L2*M2/1000*N2/1000 -> 0.011307074 | T2: =F2&" "&C2 -> Maximo Accoya Rough Sawn 4/4x6 Long
A3: Accoya | B3: Accoya 4/4x6 | C3: Long | D3: Acetylated | E3: ARPRS44611 | F3: Maximo Accoya Rough Sawn 4/4x6 | G3: Maximo Accoya | H3: Rough Sawn | I3: - | J3: 4/4x6 | K3: 11 | L3: 3.3528 | M3: 25.4 | N3: 146.05 | O3: =L3/0.0254 -> 132 | P3: =M3/25.4 -> 1 | Q3: =N3/25.4 -> 5.75 | R3: =ROUND(IFERROR(1/((M3*N3*0.3048)/1000000),0),3) -> 884.402 | S3: =L3*M3/1000*N3/1000 -> 0.012437782 | T3: =F3&" "&C3 -> Maximo Accoya Rough Sawn 4/4x6 Long
A4: Accoya | B4: Accoya 4/4x6 | C4: Long | D4: Acetylated | E4: ARPRS44612 | F4: Maximo Accoya Rough Sawn 4/4x6 | G4: Maximo Accoya | H4: Rough Sawn | I4: - | J4: 4/4x6 | K4: 12 | L4: 3.6576 | M4: 25.4 | N4: 146.05 | O4: =L4/0.0254 -> 144 | P4: =M4/25.4 -> 1 | Q4: =N4/25.4 -> 5.75 | R4: =ROUND(IFERROR(1/((M4*N4*0.3048)/1000000),0),3) -> 884.402 | S4: =L4*M4/1000*N4/1000 -> 0.013568489 | T4: =F4&" "&C4 -> Maximo Accoya Rough Sawn 4/4x6 Long
A5: Accoya | B5: Accoya 4/4x6 | C5: Long | D5: Acetylated | E5: ARPRS44613 | F5: Maximo Accoya Rough Sawn 4/4x6 | G5: Maximo Accoya | H5: Rough Sawn | I5: - | J5: 4/4x6 | K5: 13 | L5: 3.9624 | M5: 25.4 | N5: 146.05 | O5: =L5/0.0254 -> 156 | P5: =M5/25.4 -> 1 | Q5: =N5/25.4 -> 5.75 | R5: =ROUND(IFERROR(1/((M5*N5*0.3048)/1000000),0),3) -> 884.402 | S5: =L5*M5/1000*N5/1000 -> 0.014699196 | T5: =F5&" "&C5 -> Maximo Accoya Rough Sawn 4/4x6 Long
A6: Accoya | B6: Accoya 4/4x6 | C6: Long | D6: Acetylated | E6: ARPRS44614 | F6: Maximo Accoya Rough Sawn 4/4x6 | G6: Maximo Accoya | H6: Rough Sawn | I6: - | J6: 4/4x6 | K6: 14 | L6: 4.2672 | M6: 25.4 | N6: 146.05 | O6: =L6/0.0254 -> 168 | P6: =M6/25.4 -> 1 | Q6: =N6/25.4 -> 5.75 | R6: =ROUND(IFERROR(1/((M6*N6*0.3048)/1000000),0),3) -> 884.402 | S6: =L6*M6/1000*N6/1000 -> 0.015829904 | T6: =F6&" "&C6 -> Maximo Accoya Rough Sawn 4/4x6 Long
A7: Accoya | B7: Accoya 4/4x6 | C7: Long | D7: Acetylated | E7: ARPRS44615 | F7: Maximo Accoya Rough Sawn 4/4x6 | G7: Maximo Accoya | H7: Rough Sawn | I7: - | J7: 4/4x6 | K7: 15 | L7: 4.572 | M7: 25.4 | N7: 146.05 | O7: =L7/0.0254 -> 180 | P7: =M7/25.4 -> 1 | Q7: =N7/25.4 -> 5.75 | R7: =ROUND(IFERROR(1/((M7*N7*0.3048)/1000000),0),3) -> 884.402 | S7: =L7*M7/1000*N7/1000 -> 0.016960611 | T7: =F7&" "&C7 -> Maximo Accoya Rough Sawn 4/4x6 Long
A8: Accoya | B8: Accoya 4/4x6 | C8: Long | D8: Acetylated | E8: ARPRS44616 | F8: Maximo Accoya Rough Sawn 4/4x6 | G8: Maximo Accoya | H8: Rough Sawn | I8: - | J8: 4/4x6 | K8: 16 | L8: 4.8768 | M8: 25.4 | N8: 146.05 | O8: =L8/0.0254 -> 192 | P8: =M8/25.4 -> 1 | Q8: =N8/25.4 -> 5.75 | R8: =ROUND(IFERROR(1/((M8*N8*0.3048)/1000000),0),3) -> 884.402 | S8: =L8*M8/1000*N8/1000 -> 0.018091319 | T8: =F8&" "&C8 -> Maximo Accoya Rough Sawn 4/4x6 Long
A9: Accoya | B9: Accoya 4/4x6 | C9: Long | D9: Acetylated | E9: ARPRS4468 | F9: Maximo Accoya Rough Sawn 4/4x6 | G9: Maximo Accoya | H9: Rough Sawn | I9: - | J9: 4/4x6 | K9: 8 | L9: 2.4384 | M9: 25.4 | N9: 146.05 | O9: =L9/0.0254 -> 96 | P9: =M9/25.4 -> 1 | Q9: =N9/25.4 -> 5.75 | R9: =ROUND(IFERROR(1/((M9*N9*0.3048)/1000000),0),3) -> 884.402 | S9: =L9*M9/1000*N9/1000 -> 0.0090456593 | T9: =F9&" "&C9 -> Maximo Accoya Rough Sawn 4/4x6 Long
A10: Accoya | B10: Accoya 4/4x6 | C10: Long | D10: Acetylated | E10: ARPRS4469 | F10: Maximo Accoya Rough Sawn 4/4x6 | G10: Maximo Accoya | H10: Rough Sawn | I10: - | J10: 4/4x6 | K10: 9 | L10: 2.7432 | M10: 25.4 | N10: 146.05 | O10: =L10/0.0254 -> 108 | P10: =M10/25.4 -> 1 | Q10: =N10/25.4 -> 5.75 | R10: =ROUND(IFERROR(1/((M10*N10*0.3048)/1000000),0),3) -> 884.402 | S10: =L10*M10/1000*N10/1000 -> 0.010176367 | T10: =F10&" "&C10 -> Maximo Accoya Rough Sawn 4/4x6 Long
A11: Accoya | B11: Accoya 4/4x6 | C11: Long | D11: Acetylated | E11: ARPRS54610 | F11: Maximo Accoya Rough Sawn 5/4x6 | G11: Maximo Accoya | H11: Rough Sawn | I11: - | J11: 5/4x6 | K11: 10 | L11: 3.048 | M11: 25.4 | N11: 146.05 | O11: =L11/0.0254 -> 120 | P11: =M11/25.4 -> 1 | Q11: =N11/25.4 -> 5.75 | R11: =ROUND(IFERROR(1/((M11*N11*0.3048)/1000000),0),3) -> 884.402 | S11: =L11*M11/1000*N11/1000 -> 0.011307074 | T11: =F11&" "&C11 -> Maximo Accoya Rough Sawn 5/4x6 Long
A12: Accoya | B12: Accoya 4/4x6 | C12: Long | D12: Acetylated | E12: ARPRS54611 | F12: Maximo Accoya Rough Sawn 5/4x6 | G12: Maximo Accoya | H12: Rough Sawn | I12: - | J12: 5/4x6 | K12: 11 | L12: 3.3528 | M12: 25.4 | N12: 146.05 | O12: =L12/0.0254 -> 132 | P12: =M12/25.4 -> 1 | Q12: =N12/25.4 -> 5.75 | R12: =ROUND(IFERROR(1/((M12*N12*0.3048)/1000000),0),3) -> 884.402 | S12: =L12*M12/1000*N12/1000 -> 0.012437782 | T12: =F12&" "&C12 -> Maximo Accoya Rough Sawn 5/4x6 Long
A13: Accoya | B13: Accoya 4/4x6 | C13: Long | D13: Acetylated | E13: ARPRS54612 | F13: Maximo Accoya Rough Sawn 5/4x6 | G13: Maximo Accoya | H13: Rough Sawn | I13: - | J13: 5/4x6 | K13: 12 | L13: 3.6576 | M13: 25.4 | N13: 146.05 | O13: =L13/0.0254 -> 144 | P13: =M13/25.4 -> 1 | Q13: =N13/25.4 -> 5.75 | R13: =ROUND(IFERROR(1/((M13*N13*0.3048)/1000000),0),3) -> 884.402 | S13: =L13*M13/1000*N13/1000 -> 0.013568489 | T13: =F13&" "&C13 -> Maximo Accoya Rough Sawn 5/4x6 Long
... A183: Angelim | B183: Angelim 2x8 A | C183: Long | D183: Hardwoods | E183: AGKD84823RS | F183: Angelim Pedra Rough Sawn 2x8 A | G183: Angelim Pedra | H183: Rough Sawn | I183: - | J183: 2x8 A | K183: 23 | L183: 7.0104 | M183: 50.8 | N183: 203.2 | O183: =L183/0.0254 -> 276 | P183: =M183/25.4 -> 2 | Q183: =N183/25.4 -> 8 | R183: =ROUND(IFERROR(1/((M183*N183*0.3048)/1000000),0),3) -> 317.832 | S183: =L183*M183/1000*N183/1000 -> 0.072365275 | T183: =F183&" "&C183 -> Angelim Pedra Rough Sawn 2x8 A Long
A184: Angelim | B184: Angelim 43x68 | C184: Long | D184: Hardwoods | E184: AGKD436810S | F184: Angelim Pedra S4S E4E 43x68 | G184: Angelim Pedra | H184: S4S E4E | I184: - | J184: 43x68 | K184: 10 | L184: =K184*0.3048 -> 3.048 | M184: 43 | N184: 68 | O184: =L184/0.0254 -> 120 | P184: =M184/25.4 -> 1.6929134 | Q184: =N184/25.4 -> 2.6771654 | R184: =ROUND(IFERROR(1/((M184*N184*0.3048)/1000000),0),3) -> 1122.038 | S184: =L184*M184/1000*N184/1000 -> 0.008912352 | T184: =F184&" "&C184 -> Angelim Pedra S4S E4E 43x68 Long
A185: Angelim | B185: Angelim 43x68 | C185: Long | D185: Hardwoods | E185: AGKD436811S | F185: Angelim Pedra S4S E4E 43x68 | G185: Angelim Pedra | H185: S4S E4E | I185: - | J185: 43x68 | K185: 11 | L185: =K185*0.3048 -> 3.3528 | M185: 43 | N185: 68 | O185: =L185/0.0254 -> 132 | P185: =M185/25.4 -> 1.6929134 | Q185: =N185/25.4 -> 2.6771654 | R185: =ROUND(IFERROR(1/((M185*N185*0.3048)/1000000),0),3) -> 1122.038 | S185: =L185*M185/1000*N185/1000 -> 0.0098035872 | T185: =F185&" "&C185 -> Angelim Pedra S4S E4E 43x68 Long
A186: Angelim | B186: Angelim 43x68 | C186: Long | D186: Hardwoods | E186: AGKD436812S | F186: Angelim Pedra S4S E4E 43x68 | G186: Angelim Pedra | H186: S4S E4E | I186: - | J186: 43x68 | K186: 12 | L186: =K186*0.3048 -> 3.6576 | M186: 43 | N186: 68 | O186: =L186/0.0254 -> 144 | P186: =M186/25.4 -> 1.6929134 | Q186: =N186/25.4 -> 2.6771654 | R186: =ROUND(IFERROR(1/((M186*N186*0.3048)/1000000),0),3) -> 1122.038 | S186: =L186*M186/1000*N186/1000 -> 0.010694822 | T186: =F186&" "&C186 -> Angelim Pedra S4S E4E 43x68 Long
A187: Angelim | B187: Angelim 43x68 | C187: Long | D187: Hardwoods | E187: AGKD436813S | F187: Angelim Pedra S4S E4E 43x68 | G187: Angelim Pedra | H187: S4S E4E | I187: - | J187: 43x68 | K187: 13 | L187: =K187*0.3048 -> 3.9624 | M187: 43 | N187: 68 | O187: =L187/0.0254 -> 156 | P187: =M187/25.4 -> 1.6929134 | Q187: =N187/25.4 -> 2.6771654 | R187: =ROUND(IFERROR(1/((M187*N187*0.3048)/1000000),0),3) -> 1122.038 | S187: =L187*M187/1000*N187/1000 -> 0.011586058 | T187: =F187&" "&C187 -> Angelim Pedra S4S E4E 43x68 Long
A188: Angelim | B188: Angelim 43x68 | C188: Long | D188: Hardwoods | E188: AGKD436814S | F188: Angelim Pedra S4S E4E 43x68 | G188: Angelim Pedra | H188: S4S E4E | I188: - | J188: 43x68 | K188: 14 | L188: =K188*0.3048 -> 4.2672 | M188: 43 | N188: 68 | O188: =L188/0.0254 -> 168 | P188: =M188/25.4 -> 1.6929134 | Q188: =N188/25.4 -> 2.6771654 | R188: =ROUND(IFERROR(1/((M188*N188*0.3048)/1000000),0),3) -> 1122.038 | S188: =L188*M188/1000*N188/1000 -> 0.012477293 | T188: =F188&" "&C188 -> Angelim Pedra S4S E4E 43x68 Long
A189: Angelim | B189: Angelim 43x68 | C189: Long | D189: Hardwoods | E189: AGKD436815S | F189: Angelim Pedra S4S E4E 43x68 | G189: Angelim Pedra | H189: S4S E4E | I189: - | J189: 43x68 | K189: 15 | L189: =K189*0.3048 -> 4.572 | M189: 43 | N189: 68 | O189: =L189/0.0254 -> 180 | P189: =M189/25.4 -> 1.6929134 | Q189: =N189/25.4 -> 2.6771654 | R189: =ROUND(IFERROR(1/((M189*N189*0.3048)/1000000),0),3) -> 1122.038 | S189: =L189*M189/1000*N189/1000 -> 0.013368528 | T189: =F189&" "&C189 -> Angelim Pedra S4S E4E 43x68 Long
A190: Angelim | B190: Angelim 43x68 | C190: Long | D190: Hardwoods | E190: AGKD436816S | F190: Angelim Pedra S4S E4E 43x68 | G190: Angelim Pedra | H190: S4S E4E | I190: - | J190: 43x68 | K190: 16 | L190: =K190*0.3048 -> 4.8768 | M190: 43 | N190: 68 | O190: =L190/0.0254 -> 192 | P190: =M190/25.4 -> 1.6929134 | Q190: =N190/25.4 -> 2.6771654 | R190: =ROUND(IFERROR(1/((M190*N190*0.3048)/1000000),0),3) -> 1122.038 | S190: =L190*M190/1000*N190/1000 -> 0.014259763 | T190: =F190&" "&C190 -> Angelim Pedra S4S E4E 43x68 Long
A191: Angelim | B191: Angelim 43x68 | C191: Long | D191: Hardwoods | E191: AGKD436817S | F191: Angelim Pedra S4S E4E 43x68 | G191: Angelim Pedra | H191: S4S E4E | I191: - | J191: 43x68 | K191: 17 | L191: =K191*0.3048 -> 5.1816 | M191: 43 | N191: 68 | O191: =L191/0.0254 -> 204 | P191: =M191/25.4 -> 1.6929134 | Q191: =N191/25.4 -> 2.6771654 | R191: =ROUND(IFERROR(1/((M191*N191*0.3048)/1000000),0),3) -> 1122.038 | S191: =L191*M191/1000*N191/1000 -> 0.015150998 | T191: =F191&" "&C191 -> Angelim Pedra S4S E4E 43x68 Long
A192: Angelim | B192: Angelim 43x68 | C192: Long | D192: Hardwoods | E192: AGKD436818S | F192: Angelim Pedra S4S E4E 43x68 | G192: Angelim Pedra | H192: S4S E4E | I192: - | J192: 43x68 | K192: 18 | L192: =K192*0.3048 -> 5.4864 | M192: 43 | N192: 68 | O192: =L192/0.0254 -> 216 | P192: =M192/25.4 -> 1.6929134 | Q192: =N192/25.4 -> 2.6771654 | R192: =ROUND(IFERROR(1/((M192*N192*0.3048)/1000000),0),3) -> 1122.038 | S192: =L192*M192/1000*N192/1000 -> 0.016042234 | T192: =F192&" "&C192 -> Angelim Pedra S4S E4E 43x68 Long
A193: Angelim | B193: Angelim 43x68 | C193: Long | D193: Hardwoods | E193: AGKD436819S | F193: Angelim Pedra S4S E4E 43x68 | G193: Angelim Pedra | H193: S4S E4E | I193: - | J193: 43x68 | K193: 19 | L193: =K193*0.3048 -> 5.7912 | M193: 43 | N193: 68 | O193: =L193/0.0254 -> 228 | P193: =M193/25.4 -> 1.6929134 | Q193: =N193/25.4 -> 2.6771654 | R193: =ROUND(IFERROR(1/((M193*N193*0.3048)/1000000),0),3) -> 1122.038 | S193: =L193*M193/1000*N193/1000 -> 0.016933469 | T193: =F193&" "&C193 -> Angelim Pedra S4S E4E 43x68 Long
A194: Angelim | B194: Angelim 43x68 | C194: Long | D194: Hardwoods | E194: AGKD436820S | F194: Angelim Pedra S4S E4E 43x68 | G194: Angelim Pedra | H194: S4S E4E | I194: - | J194: 43x68 | K194: 20 | L194: =K194*0.3048 -> 6.096 | M194: 43 | N194: 68 | O194: =L194/0.0254 -> 240 | P194: =M194/25.4 -> 1.6929134 | Q194: =N194/25.4 -> 2.6771654 | R194: =ROUND(IFERROR(1/((M194*N194*0.3048)/1000000),0),3) -> 1122.038 | S194: =L194*M194/1000*N194/1000 -> 0.017824704 | T194: =F194&" "&C194 -> Angelim Pedra S4S E4E 43x68 Long
A195: Angelim | B195: Angelim 43x68 | C195: Long | D195: Hardwoods | E195: AGKD436821S | F195: Angelim Pedra S4S E4E 43x68 | G195: Angelim Pedra | H195: S4S E4E | I195: - | J195: 43x68 | K195: 21 | L195: =K195*0.3048 -> 6.4008 | M195: 43 | N195: 68 | O195: =L195/0.0254 -> 252 | P195: =M195/25.4 -> 1.6929134 | Q195: =N195/25.4 -> 2.6771654 | R195: =ROUND(IFERROR(1/((M195*N195*0.3048)/1000000),0),3) -> 1122.038 | S195: =L195*M195/1000*N195/1000 -> 0.018715939 | T195: =F195&" "&C195 -> Angelim Pedra S4S E4E 43x68 Long
... A204: Angelim | B204: Angelim 43x68 | C204: Long | D204: Hardwoods | E204: AGKD43689S | F204: Angelim Pedra S4S E4E 43x68 | G204: Angelim Pedra | H204: S4S E4E | I204: - | J204: 43x68 | K204: 9 | L204: =K204*0.3048 -> 2.7432 | M204: 43 | N204: 68 | O204: =L204/0.0254 -> 108 | P204: =M204/25.4 -> 1.6929134 | Q204: =N204/25.4 -> 2.6771654 | R204: =ROUND(IFERROR(1/((M204*N204*0.3048)/1000000),0),3) -> 1122.038 | S204: =L204*M204/1000*N204/1000 -> 0.0080211168 | T204: =F204&" "&C204 -> Angelim Pedra S4S E4E 43x68 Long
A205: Cumaru | B205: Cumaru 5/4x6 | C205: Long | D205: Hardwoods | E205: CMKD54610G | F205: Cumaru Grooved 5/4x6 | G205: Cumaru | H205: Grooved | I205: - | J205: 5/4x6 | K205: 10 | L205: 3.048 | M205: 25.4 | N205: 139.7 | O205: =L205/0.0254 -> 120 | P205: =M205/25.4 -> 1 | Q205: =N205/25.4 -> 5.5 | R205: =ROUND(IFERROR(1/((M205*N205*0.3048)/1000000),0),3) -> 924.602 | S205: =L205*M205/1000*N205/1000 -> 0.010815462 | T205: =F205&" "&C205 -> Cumaru Grooved 5/4x6 Long
A206: Cumaru | B206: Cumaru 5/4x6 | C206: Long | D206: Hardwoods | E206: CMKD54611G | F206: Cumaru Grooved 5/4x6 | G206: Cumaru | H206: Grooved | I206: - | J206: 5/4x6 | K206: 11 | L206: 3.3528 | M206: 25.4 | N206: 139.7 | O206: =L206/0.0254 -> 132 | P206: =M206/25.4 -> 1 | Q206: =N206/25.4 -> 5.5 | R206: =ROUND(IFERROR(1/((M206*N206*0.3048)/1000000),0),3) -> 924.602 | S206: =L206*M206/1000*N206/1000 -> 0.011897008 | T206: =F206&" "&C206 -> Cumaru Grooved 5/4x6 Long
A207: Cumaru | B207: Cumaru 5/4x6 | C207: Long | D207: Hardwoods | E207: CMKD54612G | F207: Cumaru Grooved 5/4x6 | G207: Cumaru | H207: Grooved | I207: - | J207: 5/4x6 | K207: 12 | L207: 3.6576 | M207: 25.4 | N207: 139.7 | O207: =L207/0.0254 -> 144 | P207: =M207/25.4 -> 1 | Q207: =N207/25.4 -> 5.5 | R207: =ROUND(IFERROR(1/((M207*N207*0.3048)/1000000),0),3) -> 924.602 | S207: =L207*M207/1000*N207/1000 -> 0.012978555 | T207: =F207&" "&C207 -> Cumaru Grooved 5/4x6 Long
A208: Cumaru | B208: Cumaru 5/4x6 | C208: Long | D208: Hardwoods | E208: CMKD54613G | F208: Cumaru Grooved 5/4x6 | G208: Cumaru | H208: Grooved | I208: - | J208: 5/4x6 | K208: 13 | L208: 3.9624 | M208: 25.4 | N208: 139.7 | O208: =L208/0.0254 -> 156 | P208: =M208/25.4 -> 1 | Q208: =N208/25.4 -> 5.5 | R208: =ROUND(IFERROR(1/((M208*N208*0.3048)/1000000),0),3) -> 924.602 | S208: =L208*M208/1000*N208/1000 -> 0.014060101 | T208: =F208&" "&C208 -> Cumaru Grooved 5/4x6 Long
A209: Cumaru | B209: Cumaru 5/4x6 | C209: Long | D209: Hardwoods | E209: CMKD54614G | F209: Cumaru Grooved 5/4x6 | G209: Cumaru | H209: Grooved | I209: - | J209: 5/4x6 | K209: 14 | L209: 4.2672 | M209: 25.4 | N209: 139.7 | O209: =L209/0.0254 -> 168 | P209: =M209/25.4 -> 1 | Q209: =N209/25.4 -> 5.5 | R209: =ROUND(IFERROR(1/((M209*N209*0.3048)/1000000),0),3) -> 924.602 | S209: =L209*M209/1000*N209/1000 -> 0.015141647 | T209: =F209&" "&C209 -> Cumaru Grooved 5/4x6 Long
A210: Cumaru | B210: Cumaru 5/4x6 | C210: Long | D210: Hardwoods | E210: CMKD54615G | F210: Cumaru Grooved 5/4x6 | G210: Cumaru | H210: Grooved | I210: - | J210: 5/4x6 | K210: 15 | L210: 4.572 | M210: 25.4 | N210: 139.7 | O210: =L210/0.0254 -> 180 | P210: =M210/25.4 -> 1 | Q210: =N210/25.4 -> 5.5 | R210: =ROUND(IFERROR(1/((M210*N210*0.3048)/1000000),0),3) -> 924.602 | S210: =L210*M210/1000*N210/1000 -> 0.016223193 | T210: =F210&" "&C210 -> Cumaru Grooved 5/4x6 Long
A211: Cumaru | B211: Cumaru 5/4x6 | C211: Long | D211: Hardwoods | E211: CMKD54616G | F211: Cumaru Grooved 5/4x6 | G211: Cumaru | H211: Grooved | I211: - | J211: 5/4x6 | K211: 16 | L211: 4.8768 | M211: 25.4 | N211: 139.7 | O211: =L211/0.0254 -> 192 | P211: =M211/25.4 -> 1 | Q211: =N211/25.4 -> 5.5 | R211: =ROUND(IFERROR(1/((M211*N211*0.3048)/1000000),0),3) -> 924.602 | S211: =L211*M211/1000*N211/1000 -> 0.01730474 | T211: =F211&" "&C211 -> Cumaru Grooved 5/4x6 Long
A212: Cumaru | B212: Cumaru 5/4x6 | C212: Long | D212: Hardwoods | E212: CMKD54617G | F212: Cumaru Grooved 5/4x6 | G212: Cumaru | H212: Grooved | I212: - | J212: 5/4x6 | K212: 17 | L212: 5.1816 | M212: 25.4 | N212: 139.7 | O212: =L212/0.0254 -> 204 | P212: =M212/25.4 -> 1 | Q212: =N212/25.4 -> 5.5 | R212: =ROUND(IFERROR(1/((M212*N212*0.3048)/1000000),0),3) -> 924.602 | S212: =L212*M212/1000*N212/1000 -> 0.018386286 | T212: =F212&" "&C212 -> Cumaru Grooved 5/4x6 Long
A213: Cumaru | B213: Cumaru 5/4x6 | C213: Long | D213: Hardwoods | E213: CMKD54618G | F213: Cumaru Grooved 5/4x6 | G213: Cumaru | H213: Grooved | I213: - | J213: 5/4x6 | K213: 18 | L213: 5.4864 | M213: 25.4 | N213: 139.7 | O213: =L213/0.0254 -> 216 | P213: =M213/25.4 -> 1 | Q213: =N213/25.4 -> 5.5 | R213: =ROUND(IFERROR(1/((M213*N213*0.3048)/1000000),0),3) -> 924.602 | S213: =L213*M213/1000*N213/1000 -> 0.019467832 | T213: =F213&" "&C213 -> Cumaru Grooved 5/4x6 Long
A214: Cumaru | B214: Cumaru 5/4x6 | C214: Long | D214: Hardwoods | E214: CMKD54619G | F214: Cumaru Grooved 5/4x6 | G214: Cumaru | H214: Grooved | I214: - | J214: 5/4x6 | K214: 19 | L214: 5.7912 | M214: 25.4 | N214: 139.7 | O214: =L214/0.0254 -> 228 | P214: =M214/25.4 -> 1 | Q214: =N214/25.4 -> 5.5 | R214: =ROUND(IFERROR(1/((M214*N214*0.3048)/1000000),0),3) -> 924.602 | S214: =L214*M214/1000*N214/1000 -> 0.020549378 | T214: =F214&" "&C214 -> Cumaru Grooved 5/4x6 Long
A215: Cumaru | B215: Cumaru 5/4x6 | C215: Long | D215: Hardwoods | E215: CMKD54620G | F215: Cumaru Grooved 5/4x6 | G215: Cumaru | H215: Grooved | I215: - | J215: 5/4x6 | K215: 20 | L215: 6.096 | M215: 25.4 | N215: 139.7 | O215: =L215/0.0254 -> 240 | P215: =M215/25.4 -> 1 | Q215: =N215/25.4 -> 5.5 | R215: =ROUND(IFERROR(1/((M215*N215*0.3048)/1000000),0),3) -> 924.602 | S215: =L215*M215/1000*N215/1000 -> 0.021630924 | T215: =F215&" "&C215 -> Cumaru Grooved 5/4x6 Long
A216: Cumaru | B216: Cumaru 5/4x6 | C216: Long | D216: Hardwoods | E216: CMKD54621G | F216: Cumaru Grooved 5/4x6 | G216: Cumaru | H216: Grooved | I216: - | J216: 5/4x6 | K216: 21 | L216: 6.4008 | M216: 25.4 | N216: 139.7 | O216: =L216/0.0254 -> 252 | P216: =M216/25.4 -> 1 | Q216: =N216/25.4 -> 5.5 | R216: =ROUND(IFERROR(1/((M216*N216*0.3048)/1000000),0),3) -> 924.602 | S216: =L216*M216/1000*N216/1000 -> 0.022712471 | T216: =F216&" "&C216 -> Cumaru Grooved 5/4x6 Long
... A646: Cumaru | B646: Cumaru 3x9 | C646: Long | D646: Hardwoods | E646: CM3912S | F646: Cumaru S4S E4E 3x9 | G646: Cumaru | H646: S4S E4E | I646: - | J646: 3x9 | K646: 12 | L646: 3.6576 | M646: 63.5 | N646: 215.9 | O646: =L646/0.0254 -> 144 | P646: =M646/25.4 -> 2.5 | Q646: =N646/25.4 -> 8.5 | R646: =ROUND(IFERROR(1/((M646*N646*0.3048)/1000000),0),3) -> 239.309 | S646: =L646*M646/1000*N646/1000 -> 0.050144416 | T646: =F646&" "&C646 -> Cumaru S4S E4E 3x9 Long
A647: Cumaru | B647: Cumaru 4x12 | C647: Long | D647: Hardwoods | E647: ="CM412"&K647&"S" -> CM41210S | F647: Cumaru S4S E4E 4x12 | G647: Cumaru | H647: S4S E4E | I647: - | J647: 4x12 | K647: 10 | L647: 3.048 | M647: 88.9 | N647: 285.75 | O647: =L647/0.0254 -> 120 | P647: =M647/25.4 -> 3.5 | Q647: =N647/25.4 -> 11.25 | R647: =ROUND(IFERROR(1/((M647*N647*0.3048)/1000000),0),3) -> 129.151 | S647: =L647*M647/1000*N647/1000 -> 0.077428877 | T647: =F647&" "&C647 -> Cumaru S4S E4E 4x12 Long
A648: Cumaru | B648: Cumaru 4x12 | C648: Long | D648: Hardwoods | E648: ="CMKD412"&K648&"S" -> CMKD41210S | F648: Cumaru S4S E4E 4x12 | G648: Cumaru | H648: S4S E4E | I648: - | J648: 4x12 | K648: 10 | L648: 3.048 | M648: 88.9 | N648: 285.75 | O648: =L648/0.0254 -> 120 | P648: =M648/25.4 -> 3.5 | Q648: =N648/25.4 -> 11.25 | R648: =ROUND(IFERROR(1/((M648*N648*0.3048)/1000000),0),3) -> 129.151 | S648: =L648*M648/1000*N648/1000 -> 0.077428877 | T648: =F648&" "&C648 -> Cumaru S4S E4E 4x12 Long
A649: Cumaru | B649: Cumaru 4x12 | C649: Long | D649: Hardwoods | E649: ="CM412"&K649&"S" -> CM41211S | F649: Cumaru S4S E4E 4x12 | G649: Cumaru | H649: S4S E4E | I649: - | J649: 4x12 | K649: 11 | L649: 3.3528 | M649: 88.9 | N649: 285.75 | O649: =L649/0.0254 -> 132 | P649: =M649/25.4 -> 3.5 | Q649: =N649/25.4 -> 11.25 | R649: =ROUND(IFERROR(1/((M649*N649*0.3048)/1000000),0),3) -> 129.151 | S649: =L649*M649/1000*N649/1000 -> 0.085171765 | T649: =F649&" "&C649 -> Cumaru S4S E4E 4x12 Long
A650: Cumaru | B650: Cumaru 4x12 | C650: Long | D650: Hardwoods | E650: ="CMKD412"&K650&"S" -> CMKD41211S | F650: Cumaru S4S E4E 4x12 | G650: Cumaru | H650: S4S E4E | I650: - | J650: 4x12 | K650: 11 | L650: 3.3528 | M650: 88.9 | N650: 285.75 | O650: =L650/0.0254 -> 132 | P650: =M650/25.4 -> 3.5 | Q650: =N650/25.4 -> 11.25 | R650: =ROUND(IFERROR(1/((M650*N650*0.3048)/1000000),0),3) -> 129.151 | S650: =L650*M650/1000*N650/1000 -> 0.085171765 | T650: =F650&" "&C650 -> Cumaru S4S E4E 4x12 Long
A651: Cumaru | B651: Cumaru 4x12 | C651: Long | D651: Hardwoods | E651: ="CM412"&K651&"S" -> CM41212S | F651: Cumaru S4S E4E 4x12 | G651: Cumaru | H651: S4S E4E | I651: - | J651: 4x12 | K651: 12 | L651: 3.6576 | M651: 88.9 | N651: 285.75 | O651: =L651/0.0254 -> 144 | P651: =M651/25.4 -> 3.5 | Q651: =N651/25.4 -> 11.25 | R651: =ROUND(IFERROR(1/((M651*N651*0.3048)/1000000),0),3) -> 129.151 | S651: =L651*M651/1000*N651/1000 -> 0.092914653 | T651: =F651&" "&C651 -> Cumaru S4S E4E 4x12 Long
A652: Cumaru | B652: Cumaru 4x12 | C652: Long | D652: Hardwoods | E652: ="CMKD412"&K652&"S" -> CMKD41212S | F652: Cumaru S4S E4E 4x12 | G652: Cumaru | H652: S4S E4E | I652: - | J652: 4x12 | K652: 12 | L652: 3.6576 | M652: 88.9 | N652: 285.75 | O652: =L652/0.0254 -> 144 | P652: =M652/25.4 -> 3.5 | Q652: =N652/25.4 -> 11.25 | R652: =ROUND(IFERROR(1/((M652*N652*0.3048)/1000000),0),3) -> 129.151 | S652: =L652*M652/1000*N652/1000 -> 0.092914653 | T652: =F652&" "&C652 -> Cumaru S4S E4E 4x12 Long
A653: Cumaru | B653: Cumaru 4x12 | C653: Long | D653: Hardwoods | E653: ="CM412"&K653&"S" -> CM41213S | F653: Cumaru S4S E4E 4x12 | G653: Cumaru | H653: S4S E4E | I653: - | J653: 4x12 | K653: 13 | L653: 3.9624 | M653: 88.9 | N653: 285.75 | O653: =L653/0.0254 -> 156 | P653: =M653/25.4 -> 3.5 | Q653: =N653/25.4 -> 11.25 | R653: =ROUND(IFERROR(1/((M653*N653*0.3048)/1000000),0),3) -> 129.151 | S653: =L653*M653/1000*N653/1000 -> 0.10065754 | T653: =F653&" "&C653 -> Cumaru S4S E4E 4x12 Long
A654: Cumaru | B654: Cumaru 4x12 | C654: Long | D654: Hardwoods | E654: ="CMKD412"&K654&"S" -> CMKD41213S | F654: Cumaru S4S E4E 4x12 | G654: Cumaru | H654: S4S E4E | I654: - | J654: 4x12 | K654: 13 | L654: 3.9624 | M654: 88.9 | N654: 285.75 | O654: =L654/0.0254 -> 156 | P654: =M654/25.4 -> 3.5 | Q654: =N654/25.4 -> 11.25 | R654: =ROUND(IFERROR(1/((M654*N654*0.3048)/1000000),0),3) -> 129.151 | S654: =L654*M654/1000*N654/1000 -> 0.10065754 | T654: =F654&" "&C654 -> Cumaru S4S E4E 4x12 Long
A655: Cumaru | B655: Cumaru 4x12 | C655: Long | D655: Hardwoods | E655: ="CM412"&K655&"S" -> CM41214S | F655: Cumaru S4S E4E 4x12 | G655: Cumaru | H655: S4S E4E | I655: - | J655: 4x12 | K655: 14 | L655: 4.2672 | M655: 88.9 | N655: 285.75 | O655: =L655/0.0254 -> 168 | P655: =M655/25.4 -> 3.5 | Q655: =N655/25.4 -> 11.25 | R655: =ROUND(IFERROR(1/((M655*N655*0.3048)/1000000),0),3) -> 129.151 | S655: =L655*M655/1000*N655/1000 -> 0.10840043 | T655: =F655&" "&C655 -> Cumaru S4S E4E 4x12 Long
A656: Cumaru | B656: Cumaru 4x12 | C656: Long | D656: Hardwoods | E656: ="CMKD412"&K656&"S" -> CMKD41214S | F656: Cumaru S4S E4E 4x12 | G656: Cumaru | H656: S4S E4E | I656: - | J656: 4x12 | K656: 14 | L656: 4.2672 | M656: 88.9 | N656: 285.75 | O656: =L656/0.0254 -> 168 | P656: =M656/25.4 -> 3.5 | Q656: =N656/25.4 -> 11.25 | R656: =ROUND(IFERROR(1/((M656*N656*0.3048)/1000000),0),3) -> 129.151 | S656: =L656*M656/1000*N656/1000 -> 0.10840043 | T656: =F656&" "&C656 -> Cumaru S4S E4E 4x12 Long
A657: Cumaru | B657: Cumaru 4x12 | C657: Long | D657: Hardwoods | E657: ="CM412"&K657&"S" -> CM41215S | F657: Cumaru S4S E4E 4x12 | G657: Cumaru | H657: S4S E4E | I657: - | J657: 4x12 | K657: 15 | L657: 4.572 | M657: 88.9 | N657: 285.75 | O657: =L657/0.0254 -> 180 | P657: =M657/25.4 -> 3.5 | Q657: =N657/25.4 -> 11.25 | R657: =ROUND(IFERROR(1/((M657*N657*0.3048)/1000000),0),3) -> 129.151 | S657: =L657*M657/1000*N657/1000 -> 0.11614332 | T657: =F657&" "&C657 -> Cumaru S4S E4E 4x12 Long
A658: Cumaru | B658: Cumaru 4x12 | C658: Long | D658: Hardwoods | E658: ="CMKD412"&K658&"S" -> CMKD41215S | F658: Cumaru S4S E4E 4x12 | G658: Cumaru | H658: S4S E4E | I658: - | J658: 4x12 | K658: 15 | L658: 4.572 | M658: 88.9 | N658: 285.75 | O658: =L658/0.0254 -> 180 | P658: =M658/25.4 -> 3.5 | Q658: =N658/25.4 -> 11.25 | R658: =ROUND(IFERROR(1/((M658*N658*0.3048)/1000000),0),3) -> 129.151 | S658: =L658*M658/1000*N658/1000 -> 0.11614332 | T658: =F658&" "&C658 -> Cumaru S4S E4E 4x12 Long
A659: Cumaru | B659: Cumaru 4x12 | C659: Long | D659: Hardwoods | E659: ="CM412"&K659&"S" -> CM41216S | F659: Cumaru S4S E4E 4x12 | G659: Cumaru | H659: S4S E4E | I659: - | J659: 4x12 | K659: 16 | L659: 4.8768 | M659: 88.9 | N659: 285.75 | O659: =L659/0.0254 -> 192 | P659: =M659/25.4 -> 3.5 | Q659: =N659/25.4 -> 11.25 | R659: =ROUND(IFERROR(1/((M659*N659*0.3048)/1000000),0),3) -> 129.151 | S659: =L659*M659/1000*N659/1000 -> 0.1238862 | T659: =F659&" "&C659 -> Cumaru S4S E4E 4x12 Long
A660: Cumaru | B660: Cumaru 4x12 | C660: Long | D660: Hardwoods | E660: ="CMKD412"&K660&"S" -> CMKD41216S | F660: Cumaru S4S E4E 4x12 | G660: Cumaru | H660: S4S E4E | I660: - | J660: 4x12 | K660: 16 | L660: 4.8768 | M660: 88.9 | N660: 285.75 | O660: =L660/0.0254 -> 192 | P660: =M660/25.4 -> 3.5 | Q660: =N660/25.4 -> 11.25 | R660: =ROUND(IFERROR(1/((M660*N660*0.3048)/1000000),0),3) -> 129.151 | S660: =L660*M660/1000*N660/1000 -> 0.1238862 | T660: =F660&" "&C660 -> Cumaru S4S E4E 4x12 Long
A661: Cumaru | B661: Cumaru 4x12 | C661: Long | D661: Hardwoods | E661: ="CM412"&K661&"S" -> CM41217S | F661: Cumaru S4S E4E 4x12 | G661: Cumaru | H661: S4S E4E | I661: - | J661: 4x12 | K661: 17 | L661: 5.1816 | M661: 88.9 | N661: 285.75 | O661: =L661/0.0254 -> 204 | P661: =M661/25.4 -> 3.5 | Q661: =N661/25.4 -> 11.25 | R661: =ROUND(IFERROR(1/((M661*N661*0.3048)/1000000),0),3) -> 129.151 | S661: =L661*M661/1000*N661/1000 -> 0.13162909 | T661: =F661&" "&C661 -> Cumaru S4S E4E 4x12 Long
A662: Cumaru | B662: Cumaru 4x12 | C662: Long | D662: Hardwoods | E662: ="CMKD412"&K662&"S" -> CMKD41217S | F662: Cumaru S4S E4E 4x12 | G662: Cumaru | H662: S4S E4E | I662: - | J662: 4x12 | K662: 17 | L662: 5.1816 | M662: 88.9 | N662: 285.75 | O662: =L662/0.0254 -> 204 | P662: =M662/25.4 -> 3.5 | Q662: =N662/25.4 -> 11.25 | R662: =ROUND(IFERROR(1/((M662*N662*0.3048)/1000000),0),3) -> 129.151 | S662: =L662*M662/1000*N662/1000 -> 0.13162909 | T662: =F662&" "&C662 -> Cumaru S4S E4E 4x12 Long
A663: Cumaru | B663: Cumaru 4x12 | C663: Long | D663: Hardwoods | E663: ="CM412"&K663&"S" -> CM41218S | F663: Cumaru S4S E4E 4x12 | G663: Cumaru | H663: S4S E4E | I663: - | J663: 4x12 | K663: 18 | L663: 5.4864 | M663: 88.9 | N663: 285.75 | O663: =L663/0.0254 -> 216 | P663: =M663/25.4 -> 3.5 | Q663: =N663/25.4 -> 11.25 | R663: =ROUND(IFERROR(1/((M663*N663*0.3048)/1000000),0),3) -> 129.151 | S663: =L663*M663/1000*N663/1000 -> 0.13937198 | T663: =F663&" "&C663 -> Cumaru S4S E4E 4x12 Long
A664: Cumaru | B664: Cumaru 4x12 | C664: Long | D664: Hardwoods | E664: ="CMKD412"&K664&"S" -> CMKD41218S | F664: Cumaru S4S E4E 4x12 | G664: Cumaru | H664: S4S E4E | I664: - | J664: 4x12 | K664: 18 | L664: 5.4864 | M664: 88.9 | N664: 285.75 | O664: =L664/0.0254 -> 216 | P664: =M664/25.4 -> 3.5 | Q664: =N664/25.4 -> 11.25 | R664: =ROUND(IFERROR(1/((M664*N664*0.3048)/1000000),0),3) -> 129.151 | S664: =L664*M664/1000*N664/1000 -> 0.13937198 | T664: =F664&" "&C664 -> Cumaru S4S E4E 4x12 Long
A665: Cumaru | B665: Cumaru 4x12 | C665: Long | D665: Hardwoods | E665: ="CM412"&K665&"S" -> CM41219S | F665: Cumaru S4S E4E 4x12 | G665: Cumaru | H665: S4S E4E | I665: - | J665: 4x12 | K665: 19 | L665: 5.7912 | M665: 88.9 | N665: 285.75 | O665: =L665/0.0254 -> 228 | P665: =M665/25.4 -> 3.5 | Q665: =N665/25.4 -> 11.25 | R665: =ROUND(IFERROR(1/((M665*N665*0.3048)/1000000),0),3) -> 129.151 | S665: =L665*M665/1000*N665/1000 -> 0.14711487 | T665: =F665&" "&C665 -> Cumaru S4S E4E 4x12 Long
A666: Cumaru | B666: Cumaru 4x12 | C666: Long | D666: Hardwoods | E666: ="CMKD412"&K666&"S" -> CMKD41219S | F666: Cumaru S4S E4E 4x12 | G666: Cumaru | H666: S4S E4E | I666: - | J666: 4x12 | K666: 19 | L666: 5.7912 | M666: 88.9 | N666: 285.75 | O666: =L666/0.0254 -> 228 | P666: =M666/25.4 -> 3.5 | Q666: =N666/25.4 -> 11.25 | R666: =ROUND(IFERROR(1/((M666*N666*0.3048)/1000000),0),3) -> 129.151 | S666: =L666*M666/1000*N666/1000 -> 0.14711487 | T666: =F666&" "&C666 -> Cumaru S4S E4E 4x12 Long
A667: Cumaru | B667: Cumaru 4x12 | C667: Long | D667: Hardwoods | E667: ="CM412"&K667&"S" -> CM41220S | F667: Cumaru S4S E4E 4x12 | G667: Cumaru | H667: S4S E4E | I667: - | J667: 4x12 | K667: 20 | L667: 6.096 | M667: 88.9 | N667: 285.75 | O667: =L667/0.0254 -> 240 | P667: =M667/25.4 -> 3.5 | Q667: =N667/25.4 -> 11.25 | R667: =ROUND(IFERROR(1/((M667*N667*0.3048)/1000000),0),3) -> 129.151 | S667: =L667*M667/1000*N667/1000 -> 0.15485775 | T667: =F667&" "&C667 -> Cumaru S4S E4E 4x12 Long
A668: Cumaru | B668: Cumaru 4x12 | C668: Long | D668: Hardwoods | E668: ="CMKD412"&K668&"S" -> CMKD41220S | F668: Cumaru S4S E4E 4x12 | G668: Cumaru | H668: S4S E4E | I668: - | J668: 4x12 | K668: 20 | L668: 6.096 | M668: 88.9 | N668: 285.75 | O668: =L668/0.0254 -> 240 | P668: =M668/25.4 -> 3.5 | Q668: =N668/25.4 -> 11.25 | R668: =ROUND(IFERROR(1/((M668*N668*0.3048)/1000000),0),3) -> 129.151 | S668: =L668*M668/1000*N668/1000 -> 0.15485775 | T668: =F668&" "&C668 -> Cumaru S4S E4E 4x12 Long
A669: Cumaru | B669: Cumaru 4x12 | C669: Long | D669: Hardwoods | E669: ="CM412"&K669&"S" -> CM41221S | F669: Cumaru S4S E4E 4x12 | G669: Cumaru | H669: S4S E4E | I669: - | J669: 4x12 | K669: 21 | L669: 6.4008 | M669: 88.9 | N669: 285.75 | O669: =L669/0.0254 -> 252 | P669: =M669/25.4 -> 3.5 | Q669: =N669/25.4 -> 11.25 | R669: =ROUND(IFERROR(1/((M669*N669*0.3048)/1000000),0),3) -> 129.151 | S669: =L669*M669/1000*N669/1000 -> 0.16260064 | T669: =F669&" "&C669 -> Cumaru S4S E4E 4x12 Long
A670: Cumaru | B670: Cumaru 4x12 | C670: Long | D670: Hardwoods | E670: ="CMKD412"&K670&"S" -> CMKD41221S | F670: Cumaru S4S E4E 4x12 | G670: Cumaru | H670: S4S E4E | I670: - | J670: 4x12 | K670: 21 | L670: 6.4008 | M670: 88.9 | N670: 285.75 | O670: =L670/0.0254 -> 252 | P670: =M670/25.4 -> 3.5 | Q670: =N670/25.4 -> 11.25 | R670: =ROUND(IFERROR(1/((M670*N670*0.3048)/1000000),0),3) -> 129.151 | S670: =L670*M670/1000*N670/1000 -> 0.16260064 | T670: =F670&" "&C670 -> Cumaru S4S E4E 4x12 Long
A671: Cumaru | B671: Cumaru 4x12 | C671: Long | D671: Hardwoods | E671: ="CM412"&K671&"S" -> CM41222S | F671: Cumaru S4S E4E 4x12 | G671: Cumaru | H671: S4S E4E | I671: - | J671: 4x12 | K671: 22 | L671: 6.7056 | M671: 88.9 | N671: 285.75 | O671: =L671/0.0254 -> 264 | P671: =M671/25.4 -> 3.5 | Q671: =N671/25.4 -> 11.25 | R671: =ROUND(IFERROR(1/((M671*N671*0.3048)/1000000),0),3) -> 129.151 | S671: =L671*M671/1000*N671/1000 -> 0.17034353 | T671: =F671&" "&C671 -> Cumaru S4S E4E 4x12 Long
A672: Cumaru | B672: Cumaru 4x12 | C672: Long | D672: Hardwoods | E672: ="CMKD412"&K672&"S" -> CMKD41222S | F672: Cumaru S4S E4E 4x12 | G672: Cumaru | H672: S4S E4E | I672: - | J672: 4x12 | K672: 22 | L672: 6.7056 | M672: 88.9 | N672: 285.75 | O672: =L672/0.0254 -> 264 | P672: =M672/25.4 -> 3.5 | Q672: =N672/25.4 -> 11.25 | R672: =ROUND(IFERROR(1/((M672*N672*0.3048)/1000000),0),3) -> 129.151 | S672: =L672*M672/1000*N672/1000 -> 0.17034353 | T672: =F672&" "&C672 -> Cumaru S4S E4E 4x12 Long
A673: Cumaru | B673: Cumaru 4x12 | C673: Short | D673: Hardwoods | E673: ="CM412"&K673&"S" -> CM4123S | F673: Cumaru S4S E4E 4x12 | G673: Cumaru | H673: S4S E4E | I673: - | J673: 4x12 | K673: 3 | L673: 0.9144 | M673: 88.9 | N673: 285.75 | O673: =L673/0.0254 -> 36 | P673: =M673/25.4 -> 3.5 | Q673: =N673/25.4 -> 11.25 | R673: =ROUND(IFERROR(1/((M673*N673*0.3048)/1000000),0),3) -> 129.151 | S673: =L673*M673/1000*N673/1000 -> 0.023228663 | T673: =F673&" "&C673 -> Cumaru S4S E4E 4x12 Short
A674: Cumaru | B674: Cumaru 4x12 | C674: Short | D674: Hardwoods | E674: ="CMKD412"&K674&"S" -> CMKD4123S | F674: Cumaru S4S E4E 4x12 | G674: Cumaru | H674: S4S E4E | I674: - | J674: 4x12 | K674: 3 | L674: 0.9144 | M674: 88.9 | N674: 285.75 | O674: =L674/0.0254 -> 36 | P674: =M674/25.4 -> 3.5 | Q674: =N674/25.4 -> 11.25 | R674: =ROUND(IFERROR(1/((M674*N674*0.3048)/1000000),0),3) -> 129.151 | S674: =L674*M674/1000*N674/1000 -> 0.023228663 | T674: =F674&" "&C674 -> Cumaru S4S E4E 4x12 Short
A675: Cumaru | B675: Cumaru 4x12 | C675: Short | D675: Hardwoods | E675: ="CM412"&K675&"S" -> CM4124S | F675: Cumaru S4S E4E 4x12 | G675: Cumaru | H675: S4S E4E | I675: - | J675: 4x12 | K675: 4 | L675: 1.2192 | M675: 88.9 | N675: 285.75 | O675: =L675/0.0254 -> 48 | P675: =M675/25.4 -> 3.5 | Q675: =N675/25.4 -> 11.25 | R675: =ROUND(IFERROR(1/((M675*N675*0.3048)/1000000),0),3) -> 129.151 | S675: =L675*M675/1000*N675/1000 -> 0.030971551 | T675: =F675&" "&C675 -> Cumaru S4S E4E 4x12 Short
A676: Cumaru | B676: Cumaru 4x12 | C676: Short | D676: Hardwoods | E676: ="CMKD412"&K676&"S" -> CMKD4124S | F676: Cumaru S4S E4E 4x12 | G676: Cumaru | H676: S4S E4E | I676: - | J676: 4x12 | K676: 4 | L676: 1.2192 | M676: 88.9 | N676: 285.75 | O676: =L676/0.0254 -> 48 | P676: =M676/25.4 -> 3.5 | Q676: =N676/25.4 -> 11.25 | R676: =ROUND(IFERROR(1/((M676*N676*0.3048)/1000000),0),3) -> 129.151 | S676: =L676*M676/1000*N676/1000 -> 0.030971551 | T676: =F676&" "&C676 -> Cumaru S4S E4E 4x12 Short
A677: Cumaru | B677: Cumaru 4x12 | C677: Short | D677: Hardwoods | E677: ="CM412"&K677&"S" -> CM4125S | F677: Cumaru S4S E4E 4x12 | G677: Cumaru | H677: S4S E4E | I677: - | J677: 4x12 | K677: 5 | L677: 1.524 | M677: 88.9 | N677: 285.75 | O677: =L677/0.0254 -> 60 | P677: =M677/25.4 -> 3.5 | Q677: =N677/25.4 -> 11.25 | R677: =ROUND(IFERROR(1/((M677*N677*0.3048)/1000000),0),3) -> 129.151 | S677: =L677*M677/1000*N677/1000 -> 0.038714439 | T677: =F677&" "&C677 -> Cumaru S4S E4E 4x12 Short
A678: Cumaru | B678: Cumaru 4x12 | C678: Short | D678: Hardwoods | E678: ="CMKD412"&K678&"S" -> CMKD4125S | F678: Cumaru S4S E4E 4x12 | G678: Cumaru | H678: S4S E4E | I678: - | J678: 4x12 | K678: 5 | L678: 1.524 | M678: 88.9 | N678: 285.75 | O678: =L678/0.0254 -> 60 | P678: =M678/25.4 -> 3.5 | Q678: =N678/25.4 -> 11.25 | R678: =ROUND(IFERROR(1/((M678*N678*0.3048)/1000000),0),3) -> 129.151 | S678: =L678*M678/1000*N678/1000 -> 0.038714439 | T678: =F678&" "&C678 -> Cumaru S4S E4E 4x12 Short
A679: Cumaru | B679: Cumaru 4x12 | C679: Short | D679: Hardwoods | E679: ="CM412"&K679&"S" -> CM4126S | F679: Cumaru S4S E4E 4x12 | G679: Cumaru | H679: S4S E4E | I679: - | J679: 4x12 | K679: 6 | L679: 1.8288 | M679: 88.9 | N679: 285.75 | O679: =L679/0.0254 -> 72 | P679: =M679/25.4 -> 3.5 | Q679: =N679/25.4 -> 11.25 | R679: =ROUND(IFERROR(1/((M679*N679*0.3048)/1000000),0),3) -> 129.151 | S679: =L679*M679/1000*N679/1000 -> 0.046457326 | T679: =F679&" "&C679 -> Cumaru S4S E4E 4x12 Short
A680: Cumaru | B680: Cumaru 4x12 | C680: Short | D680: Hardwoods | E680: ="CMKD412"&K680&"S" -> CMKD4126S | F680: Cumaru S4S E4E 4x12 | G680: Cumaru | H680: S4S E4E | I680: - | J680: 4x12 | K680: 6 | L680: 1.8288 | M680: 88.9 | N680: 285.75 | O680: =L680/0.0254 -> 72 | P680: =M680/25.4 -> 3.5 | Q680: =N680/25.4 -> 11.25 | R680: =ROUND(IFERROR(1/((M680*N680*0.3048)/1000000),0),3) -> 129.151 | S680: =L680*M680/1000*N680/1000 -> 0.046457326 | T680: =F680&" "&C680 -> Cumaru S4S E4E 4x12 Short
A681: Cumaru | B681: Cumaru 4x12 | C681: Short | D681: Hardwoods | E681: ="CM412"&K681&"S" -> CM4127S | F681: Cumaru S4S E4E 4x12 | G681: Cumaru | H681: S4S E4E | I681: - | J681: 4x12 | K681: 7 | L681: 2.1336 | M681: 88.9 | N681: 285.75 | O681: =L681/0.0254 -> 84 | P681: =M681/25.4 -> 3.5 | Q681: =N681/25.4 -> 11.25 | R681: =ROUND(IFERROR(1/((M681*N681*0.3048)/1000000),0),3) -> 129.151 | S681: =L681*M681/1000*N681/1000 -> 0.054200214 | T681: =F681&" "&C681 -> Cumaru S4S E4E 4x12 Short
A682: Cumaru | B682: Cumaru 4x12 | C682: Short | D682: Hardwoods | E682: ="CMKD412"&K682&"S" -> CMKD4127S | F682: Cumaru S4S E4E 4x12 | G682: Cumaru | H682: S4S E4E | I682: - | J682: 4x12 | K682: 7 | L682: 2.1336 | M682: 88.9 | N682: 285.75 | O682: =L682/0.0254 -> 84 | P682: =M682/25.4 -> 3.5 | Q682: =N682/25.4 -> 11.25 | R682: =ROUND(IFERROR(1/((M682*N682*0.3048)/1000000),0),3) -> 129.151 | S682: =L682*M682/1000*N682/1000 -> 0.054200214 | T682: =F682&" "&C682 -> Cumaru S4S E4E 4x12 Short
A683: Cumaru | B683: Cumaru 4x12 | C683: Long | D683: Hardwoods | E683: ="CM412"&K683&"S" -> CM4128S | F683: Cumaru S4S E4E 4x12 | G683: Cumaru | H683: S4S E4E | I683: - | J683: 4x12 | K683: 8 | L683: 2.4384 | M683: 88.9 | N683: 285.75 | O683: =L683/0.0254 -> 96 | P683: =M683/25.4 -> 3.5 | Q683: =N683/25.4 -> 11.25 | R683: =ROUND(IFERROR(1/((M683*N683*0.3048)/1000000),0),3) -> 129.151 | S683: =L683*M683/1000*N683/1000 -> 0.061943102 | T683: =F683&" "&C683 -> Cumaru S4S E4E 4x12 Long
A684: Cumaru | B684: Cumaru 4x12 | C684: Long | D684: Hardwoods | E684: ="CMKD412"&K684&"S" -> CMKD4128S | F684: Cumaru S4S E4E 4x12 | G684: Cumaru | H684: S4S E4E | I684: - | J684: 4x12 | K684: 8 | L684: 2.4384 | M684: 88.9 | N684: 285.75 | O684: =L684/0.0254 -> 96 | P684: =M684/25.4 -> 3.5 | Q684: =N684/25.4 -> 11.25 | R684: =ROUND(IFERROR(1/((M684*N684*0.3048)/1000000),0),3) -> 129.151 | S684: =L684*M684/1000*N684/1000 -> 0.061943102 | T684: =F684&" "&C684 -> Cumaru S4S E4E 4x12 Long
A685: Cumaru | B685: Cumaru 4x12 | C685: Long | D685: Hardwoods | E685: ="CM412"&K685&"S" -> CM4129S | F685: Cumaru S4S E4E 4x12 | G685: Cumaru | H685: S4S E4E | I685: - | J685: 4x12 | K685: 9 | L685: 2.7432 | M685: 88.9 | N685: 285.75 | O685: =L685/0.0254 -> 108 | P685: =M685/25.4 -> 3.5 | Q685: =N685/25.4 -> 11.25 | R685: =ROUND(IFERROR(1/((M685*N685*0.3048)/1000000),0),3) -> 129.151 | S685: =L685*M685/1000*N685/1000 -> 0.06968599 | T685: =F685&" "&C685 -> Cumaru S4S E4E 4x12 Long
A686: Cumaru | B686: Cumaru 4x12 | C686: Long | D686: Hardwoods | E686: ="CMKD412"&K686&"S" -> CMKD4129S | F686: Cumaru S4S E4E 4x12 | G686: Cumaru | H686: S4S E4E | I686: - | J686: 4x12 | K686: 9 | L686: 2.7432 | M686: 88.9 | N686: 285.75 | O686: =L686/0.0254 -> 108 | P686: =M686/25.4 -> 3.5 | Q686: =N686/25.4 -> 11.25 | R686: =ROUND(IFERROR(1/((M686*N686*0.3048)/1000000),0),3) -> 129.151 | S686: =L686*M686/1000*N686/1000 -> 0.06968599 | T686: =F686&" "&C686 -> Cumaru S4S E4E 4x12 Long
A687: Cumaru | B687: Cumaru 4x4 | C687: Long | D687: Hardwoods | E687: CM4410S | F687: Cumaru S4S E4E 4x4 | G687: Cumaru | H687: S4S E4E | I687: - | J687: 4x4 | K687: 10 | L687: 3.048 | M687: 88.9 | N687: 88.9 | O687: =L687/0.0254 -> 120 | P687: =M687/25.4 -> 3.5 | Q687: =N687/25.4 -> 3.5 | R687: =ROUND(IFERROR(1/((M687*N687*0.3048)/1000000),0),3) -> 415.128 | S687: =L687*M687/1000*N687/1000 -> 0.024088984 | T687: =F687&" "&C687 -> Cumaru S4S E4E 4x4 Long
A688: Cumaru | B688: Cumaru 4x4 | C688: Long | D688: Hardwoods | E688: CM4411S | F688: Cumaru S4S E4E 4x4 | G688: Cumaru | H688: S4S E4E | I688: - | J688: 4x4 | K688: 11 | L688: 3.3528 | M688: 88.9 | N688: 88.9 | O688: =L688/0.0254 -> 132 | P688: =M688/25.4 -> 3.5 | Q688: =N688/25.4 -> 3.5 | R688: =ROUND(IFERROR(1/((M688*N688*0.3048)/1000000),0),3) -> 415.128 | S688: =L688*M688/1000*N688/1000 -> 0.026497882 | T688: =F688&" "&C688 -> Cumaru S4S E4E 4x4 Long
A689: Cumaru | B689: Cumaru 4x4 | C689: Long | D689: Hardwoods | E689: CM4412S | F689: Cumaru S4S E4E 4x4 | G689: Cumaru | H689: S4S E4E | I689: - | J689: 4x4 | K689: 12 | L689: 3.6576 | M689: 88.9 | N689: 88.9 | O689: =L689/0.0254 -> 144 | P689: =M689/25.4 -> 3.5 | Q689: =N689/25.4 -> 3.5 | R689: =ROUND(IFERROR(1/((M689*N689*0.3048)/1000000),0),3) -> 415.128 | S689: =L689*M689/1000*N689/1000 -> 0.028906781 | T689: =F689&" "&C689 -> Cumaru S4S E4E 4x4 Long
A690: Cumaru | B690: Cumaru 4x4 | C690: Long | D690: Hardwoods | E690: CM4413S | F690: Cumaru S4S E4E 4x4 | G690: Cumaru | H690: S4S E4E | I690: - | J690: 4x4 | K690: 13 | L690: 3.9624 | M690: 88.9 | N690: 88.9 | O690: =L690/0.0254 -> 156 | P690: =M690/25.4 -> 3.5 | Q690: =N690/25.4 -> 3.5 | R690: =ROUND(IFERROR(1/((M690*N690*0.3048)/1000000),0),3) -> 415.128 | S690: =L690*M690/1000*N690/1000 -> 0.031315679 | T690: =F690&" "&C690 -> Cumaru S4S E4E 4x4 Long
A691: Cumaru | B691: Cumaru 4x4 | C691: Long | D691: Hardwoods | E691: CM4414S | F691: Cumaru S4S E4E 4x4 | G691: Cumaru | H691: S4S E4E | I691: - | J691: 4x4 | K691: 14 | L691: 4.2672 | M691: 88.9 | N691: 88.9 | O691: =L691/0.0254 -> 168 | P691: =M691/25.4 -> 3.5 | Q691: =N691/25.4 -> 3.5 | R691: =ROUND(IFERROR(1/((M691*N691*0.3048)/1000000),0),3) -> 415.128 | S691: =L691*M691/1000*N691/1000 -> 0.033724578 | T691: =F691&" "&C691 -> Cumaru S4S E4E 4x4 Long
A692: Cumaru | B692: Cumaru 4x4 | C692: Long | D692: Hardwoods | E692: CM4415S | F692: Cumaru S4S E4E 4x4 | G692: Cumaru | H692: S4S E4E | I692: - | J692: 4x4 | K692: 15 | L692: 4.572 | M692: 88.9 | N692: 88.9 | O692: =L692/0.0254 -> 180 | P692: =M692/25.4 -> 3.5 | Q692: =N692/25.4 -> 3.5 | R692: =ROUND(IFERROR(1/((M692*N692*0.3048)/1000000),0),3) -> 415.128 | S692: =L692*M692/1000*N692/1000 -> 0.036133476 | T692: =F692&" "&C692 -> Cumaru S4S E4E 4x4 Long
A693: Cumaru | B693: Cumaru 4x4 | C693: Long | D693: Hardwoods | E693: CM4416S | F693: Cumaru S4S E4E 4x4 | G693: Cumaru | H693: S4S E4E | I693: - | J693: 4x4 | K693: 16 | L693: 4.8768 | M693: 88.9 | N693: 88.9 | O693: =L693/0.0254 -> 192 | P693: =M693/25.4 -> 3.5 | Q693: =N693/25.4 -> 3.5 | R693: =ROUND(IFERROR(1/((M693*N693*0.3048)/1000000),0),3) -> 415.128 | S693: =L693*M693/1000*N693/1000 -> 0.038542375 | T693: =F693&" "&C693 -> Cumaru S4S E4E 4x4 Long
A694: Cumaru | B694: Cumaru 4x4 | C694: Long | D694: Hardwoods | E694: CM4417S | F694: Cumaru S4S E4E 4x4 | G694: Cumaru | H694: S4S E4E | I694: - | J694: 4x4 | K694: 17 | L694: 5.1816 | M694: 88.9 | N694: 88.9 | O694: =L694/0.0254 -> 204 | P694: =M694/25.4 -> 3.5 | Q694: =N694/25.4 -> 3.5 | R694: =ROUND(IFERROR(1/((M694*N694*0.3048)/1000000),0),3) -> 415.128 | S694: =L694*M694/1000*N694/1000 -> 0.040951273 | T694: =F694&" "&C694 -> Cumaru S4S E4E 4x4 Long
A695: Cumaru | B695: Cumaru 4x4 | C695: Long | D695: Hardwoods | E695: CM4418S | F695: Cumaru S4S E4E 4x4 | G695: Cumaru | H695: S4S E4E | I695: - | J695: 4x4 | K695: 18 | L695: 5.4864 | M695: 88.9 | N695: 88.9 | O695: =L695/0.0254 -> 216 | P695: =M695/25.4 -> 3.5 | Q695: =N695/25.4 -> 3.5 | R695: =ROUND(IFERROR(1/((M695*N695*0.3048)/1000000),0),3) -> 415.128 | S695: =L695*M695/1000*N695/1000 -> 0.043360171 | T695: =F695&" "&C695 -> Cumaru S4S E4E 4x4 Long
A696: Cumaru | B696: Cumaru 4x4 | C696: Long | D696: Hardwoods | E696: CM4419S | F696: Cumaru S4S E4E 4x4 | G696: Cumaru | H696: S4S E4E | I696: - | J696: 4x4 | K696: 19 | L696: 5.7912 | M696: 88.9 | N696: 88.9 | O696: =L696/0.0254 -> 228 | P696: =M696/25.4 -> 3.5 | Q696: =N696/25.4 -> 3.5 | R696: =ROUND(IFERROR(1/((M696*N696*0.3048)/1000000),0),3) -> 415.128 | S696: =L696*M696/1000*N696/1000 -> 0.04576907 | T696: =F696&" "&C696 -> Cumaru S4S E4E 4x4 Long
A697: Cumaru | B697: Cumaru 4x4 | C697: Long | D697: Hardwoods | E697: CM4420S | F697: Cumaru S4S E4E 4x4 | G697: Cumaru | H697: S4S E4E | I697: - | J697: 4x4 | K697: 20 | L697: 6.096 | M697: 88.9 | N697: 88.9 | O697: =L697/0.0254 -> 240 | P697: =M697/25.4 -> 3.5 | Q697: =N697/25.4 -> 3.5 | R697: =ROUND(IFERROR(1/((M697*N697*0.3048)/1000000),0),3) -> 415.128 | S697: =L697*M697/1000*N697/1000 -> 0.048177968 | T697: =F697&" "&C697 -> Cumaru S4S E4E 4x4 Long
A698: Cumaru | B698: Cumaru 4x4 | C698: Long | D698: Hardwoods | E698: CM4421S | F698: Cumaru S4S E4E 4x4 | G698: Cumaru | H698: S4S E4E | I698: - | J698: 4x4 | K698: 21 | L698: 6.4008 | M698: 88.9 | N698: 88.9 | O698: =L698/0.0254 -> 252 | P698: =M698/25.4 -> 3.5 | Q698: =N698/25.4 -> 3.5 | R698: =ROUND(IFERROR(1/((M698*N698*0.3048)/1000000),0),3) -> 415.128 | S698: =L698*M698/1000*N698/1000 -> 0.050586867 | T698: =F698&" "&C698 -> Cumaru S4S E4E 4x4 Long
... A908: Cumaru | B908: Cumaru 24x48 | C908: Tiles | D908: Hardwoods | E908: CMTILE2448 | F908: Cumaru Tiles 24x48 | G908: Cumaru | H908: Tiles | I908: - | J908: 24x48 | K908: 48 | L908: 1.2192 | M908: 19 | N908: 71 | O908: =L908/0.0254 -> 48 | P908: =M908/25.4 -> 0.7480315 | Q908: =N908/25.4 -> 2.7952756 | R908: =ROUND(IFERROR(1/((M908*N908*0.3048)/1000000),0),3) -> 2432.053 | S908: =L908*M908/1000*N908/1000 -> 0.0016447008 | T908: =F908&" "&C908 -> Cumaru Tiles 24x48 Tiles
A909: Garapa | B909: Garapa 1x6 Plus | C909: Long | D909: Hardwoods | E909: GPKD54610MS | F909: Garapa S4S E4E 1x6 Plus | G909: Garapa | H909: S4S E4E | I909: - | J909: 1x6 Plus | K909: 10 | L909: =K909*0.3048 -> 3.048 | M909: 21 | N909: 145 | O909: =L909/0.0254 -> 120 | P909: =M909/25.4 -> 0.82677165 | Q909: =N909/25.4 -> 5.7086614 | R909: =ROUND(IFERROR(1/((M909*N909*0.3048)/1000000),0),3) -> 1077.452 | S909: =L909*M909/1000*N909/1000 -> 0.00928116 | T909: =F909&" "&C909 -> Garapa S4S E4E 1x6 Plus Long
A910: Garapa | B910: Garapa 1x6 Plus | C910: Long | D910: Hardwoods | E910: GPKD54611MS | F910: Garapa S4S E4E 1x6 Plus | G910: Garapa | H910: S4S E4E | I910: - | J910: 1x6 Plus | K910: 11 | L910: =K910*0.3048 -> 3.3528 | M910: 21 | N910: 145 | O910: =L910/0.0254 -> 132 | P910: =M910/25.4 -> 0.82677165 | Q910: =N910/25.4 -> 5.7086614 | R910: =ROUND(IFERROR(1/((M910*N910*0.3048)/1000000),0),3) -> 1077.452 | S910: =L910*M910/1000*N910/1000 -> 0.010209276 | T910: =F910&" "&C910 -> Garapa S4S E4E 1x6 Plus Long
A911: Garapa | B911: Garapa 1x6 Plus | C911: Long | D911: Hardwoods | E911: GPKD54612MS | F911: Garapa S4S E4E 1x6 Plus | G911: Garapa | H911: S4S E4E | I911: - | J911: 1x6 Plus | K911: 12 | L911: =K911*0.3048 -> 3.6576 | M911: 21 | N911: 145 | O911: =L911/0.0254 -> 144 | P911: =M911/25.4 -> 0.82677165 | Q911: =N911/25.4 -> 5.7086614 | R911: =ROUND(IFERROR(1/((M911*N911*0.3048)/1000000),0),3) -> 1077.452 | S911: =L911*M911/1000*N911/1000 -> 0.011137392 | T911: =F911&" "&C911 -> Garapa S4S E4E 1x6 Plus Long
A912: Garapa | B912: Garapa 1x6 Plus | C912: Long | D912: Hardwoods | E912: GPKD54613MS | F912: Garapa S4S E4E 1x6 Plus | G912: Garapa | H912: S4S E4E | I912: - | J912: 1x6 Plus | K912: 13 | L912: =K912*0.3048 -> 3.9624 | M912: 21 | N912: 145 | O912: =L912/0.0254 -> 156 | P912: =M912/25.4 -> 0.82677165 | Q912: =N912/25.4 -> 5.7086614 | R912: =ROUND(IFERROR(1/((M912*N912*0.3048)/1000000),0),3) -> 1077.452 | S912: =L912*M912/1000*N912/1000 -> 0.012065508 | T912: =F912&" "&C912 -> Garapa S4S E4E 1x6 Plus Long
A913: Garapa | B913: Garapa 1x6 Plus | C913: Long | D913: Hardwoods | E913: GPKD54614MS | F913: Garapa S4S E4E 1x6 Plus | G913: Garapa | H913: S4S E4E | I913: - | J913: 1x6 Plus | K913: 14 | L913: =K913*0.3048 -> 4.2672 | M913: 21 | N913: 145 | O913: =L913/0.0254 -> 168 | P913: =M913/25.4 -> 0.82677165 | Q913: =N913/25.4 -> 5.7086614 | R913: =ROUND(IFERROR(1/((M913*N913*0.3048)/1000000),0),3) -> 1077.452 | S913: =L913*M913/1000*N913/1000 -> 0.012993624 | T913: =F913&" "&C913 -> Garapa S4S E4E 1x6 Plus Long
A914: Garapa | B914: Garapa 1x6 Plus | C914: Long | D914: Hardwoods | E914: GPKD54615MS | F914: Garapa S4S E4E 1x6 Plus | G914: Garapa | H914: S4S E4E | I914: - | J914: 1x6 Plus | K914: 15 | L914: =K914*0.3048 -> 4.572 | M914: 21 | N914: 145 | O914: =L914/0.0254 -> 180 | P914: =M914/25.4 -> 0.82677165 | Q914: =N914/25.4 -> 5.7086614 | R914: =ROUND(IFERROR(1/((M914*N914*0.3048)/1000000),0),3) -> 1077.452 | S914: =L914*M914/1000*N914/1000 -> 0.01392174 | T914: =F914&" "&C914 -> Garapa S4S E4E 1x6 Plus Long
A915: Garapa | B915: Garapa 1x6 Plus | C915: Long | D915: Hardwoods | E915: GPKD54616MS | F915: Garapa S4S E4E 1x6 Plus | G915: Garapa | H915: S4S E4E | I915: - | J915: 1x6 Plus | K915: 16 | L915: =K915*0.3048 -> 4.8768 | M915: 21 | N915: 145 | O915: =L915/0.0254 -> 192 | P915: =M915/25.4 -> 0.82677165 | Q915: =N915/25.4 -> 5.7086614 | R915: =ROUND(IFERROR(1/((M915*N915*0.3048)/1000000),0),3) -> 1077.452 | S915: =L915*M915/1000*N915/1000 -> 0.014849856 | T915: =F915&" "&C915 -> Garapa S4S E4E 1x6 Plus Long
...
